Metric,Value
Total Predicted Load (MWh),6.824295714032219
Mean Hourly Load (MW),0.04062080782162035
Peak Load (MW),0.05115995978838653
Minimum Load (MW),0.03141079846680041
Load Factor (%),79.39960857991409
Standard Deviation (MW),0.004283717748814493
Coefficient of Variation (%),10.545624222013853
Mean LSTM Residual (kW),7.017530977083401
Std LSTM Residual (kW),0.9832081877499653
Mean Absolute Residual (kW),7.017530977083401
Max Positive Correction (kW),10.100789950624174
Max Negative Correction (kW),5.030593622387438
Residual Range (kW),5.070196328236736
Prophet Mean (MW),0.03360327684453695
Hybrid Mean (MW),0.04062080782162035
Mean Difference (MW),0.007017530977083403
Correlation,0.9740251315612414
